time,sentiment,contributors_active,contributors_created,posts_active,posts_created,interactions,social_dominance,open,close,high,low,volume_24h,market_cap,circulating_supply,galaxy_score,volatility,alt_rank
2024-01-03,91,45,9,71,12,20812,0.015369129695972638,,,,,,,,,,
2024-01-04,80,48,21,58,25,13266,0.012478055832845685,,,,,,,,,,
2024-01-05,86,54,15,62,15,35792,0.012801030689438737,,,,,,,,,,
2024-01-06,79,54,20,58,24,30828,0.012117413558967931,,,,,,,,,,
2024-01-07,67,46,12,54,12,37103,0.01232322448579064,0.0881528504,0.0896423178,0.0896423178,0.0875555938,10889275.54,,,,,
2024-01-08,71,45,16,48,19,15483,0.010702746815375388,0.131117997,0.1309743681,0.1372669895,0.1308205849,37181669.18,130832938.4,,,,
2024-01-09,81,68,34,73,37,18261,0.014492753623188406,0.1211690971,0.1297026636,0.1311538155,0.1211690971,36341849.37,129562607.17,,,,
2024-01-10,82,65,26,73,30,36037,0.013544629554381689,0.1985802918,0.1737203814,0.210250331,0.1729665657,100408332.92,173532793.44,,,,
2024-01-11,75,117,77,159,113,81786,0.027419702522095277,0.2706290097,0.2774391012,0.2845319719,0.2693676121,133464389.2,277139514.98,,,,
2024-01-12,67,142,59,171,63,6074421,0.032993239280091374,0.2013565875,0.2128677816,0.2128677816,0.1996467689,80592524.42,212637921.16,,,,
2024-01-13,76,141,59,154,61,72595,0.035004455112468864,0.279361553,0.2756896257,0.2896242765,0.2735046112,58315101.36,275391928.58,,,,
2024-01-14,74,132,48,152,59,102299,0.038307417021598324,0.3704960452,0.317372766,0.3743001248,0.3146282135,106823665.62,317030058.28,,,,
2024-01-15,80,117,37,155,59,94305,0.04099824104320686,0.2933273437,0.2964556542,0.3023546877,0.2843278987,108257159.16,296135533.32,,,,
2024-01-16,84,82,16,102,19,71530,0.02832963474213089,0.3006631613,0.2924816216,0.3012061309,0.290258553,78286269.62,292165792.02,,,,
2024-01-17,78,88,49,99,53,75065,0.02559329920893439,0.4030645009,0.4306984465,0.4344322855,0.4014772237,109398848.59,430233366.61,,,,
2024-01-18,83,203,140,227,162,75631,0.06235441480244363,0.3755185438,0.3631618313,0.3759662412,0.3548063006,157512862.39,362769679.27,,,,
2024-01-19,91,432,293,470,306,74641,0.14404452508213603,0.3619793475,0.3992514124,0.413479505,0.3205293338,88145140.41,398820289.89,,,,
2024-01-20,92,316,25,344,37,75430,0.11041353721321367,0.3994070255,0.3350143301,0.4030621373,0.3298589355,43294653.45,334652572.57,,,,
2024-01-21,85,137,40,160,54,162465,0.056748254104494814,0.3351779276,0.2984811151,0.3442847346,0.2984811151,44241329.26,298158807.07,,,,
2024-01-22,85,98,28,140,52,196165,0.04934077204210882,0.2986605934,0.2314635733,0.3063870794,0.228764951,93719096.11,231213632.69,,,,
2024-01-23,80,104,39,122,44,91200,0.03777744748315497,0.2315442153,0.281657324,0.281657324,0.2085170336,94751711.1,281353182.81,,,,
2024-01-24,84,135,49,177,66,125123,0.06562166330525566,0.2814609853,0.3505836943,0.3530014362,0.2766493897,122723482.65,350205124.55,998920172.89,91.0,0.039015720605643164,80.0
2024-01-25,85,177,80,225,111,146397,0.0944041420341785,0.3505444767895375,0.3825115367,0.4068941976,0.328103364,78882031.23,382098490.37,998920172.89,77.0,0.06497715610674848,33.0
2024-01-26,85,188,69,268,97,86309,0.09452662617541038,0.3835671491496794,0.3510016195,0.3854852387,0.3450965611,67052155.69,350622598.41,998920172.89,44.0,0.0444793797082184,950.0
2024-01-27,83,141,49,178,57,19405,0.05331831633936809,0.3508616173,0.3446464585,0.36431933123825744,0.301763853,58155386.83,344274299.88,998920172.89,48.0,0.06370922180994187,869.0
2024-01-28,80,204,37,273,52,52581,0.0741432784908448,0.3448952325,0.330759748,0.3716256845240855,0.3167941972,52114459.6,330402584.62,998920172.89,51.0,0.045041783559635,659.0
2024-01-29,80,214,46,282,58,76349,0.06753666019240764,0.33041000845375856,0.313642156,0.3308163718,0.2941974507,60553285.71,313303476.73,998920172.89,61.0,0.05319911232955207,880.0
2024-01-30,78,194,28,260,33,65785,0.0602743409812199,0.31356770413437846,0.2820484768,0.3423059526,0.2810064377,62373638.15,281743913.26,998920172.89,48.0,0.03527423747483103,1112.0
2024-01-31,82,184,25,244,31,54931,0.05625943901961011,0.2823143967,0.2512783819,0.28436154,0.2437591493,62939276.44,251007044.65,998920172.89,50.0,0.08088655125107132,1640.0
2024-02-01,77,213,42,301,51,91166,0.12183817785135743,0.2510838677463723,0.2277063658,0.2521641744,0.2140324716,79428656.01,227460482.27,998920172.89,59.0,0.09221804851729588,959.0
2024-02-02,77,199,38,288,51,264911,0.05044418910966006,0.227416973,0.2604490228,0.2730428037,0.2058630224,69678293.08,260167782.85,998920172.89,38.0,0.05085941669929925,171.0
2024-02-03,74,628,493,1048,874,2911057,0.18213733293939763,0.2608472827663984,0.2427952349,0.2774713124,0.2366088379251585,57944396.64,242533057.99,998920172.89,57.0,0.07002092427899875,687.0
2024-02-04,76,759,328,1443,645,1104608,0.27267213018724246,0.2428312102,0.2122746683,0.2428312102,0.2112901265,35309873.4,212045448.33,998920172.89,37.0,0.06347072421195232,825.0
2024-02-05,74,811,244,1511,406,795298,0.27387427883700405,0.2119873073,0.2125748167,0.2241893942,0.2039867436,37135674.62,212345272.62,998920172.89,36.0,0.03863963736169813,253.0
2024-02-06,79,601,178,1127,305,541497,0.19940444068558325,0.2126501419095837,0.1901136905,0.2134479936,0.1897378925,27773842.53,189908400.55,998920172.89,44.0,0.038502845059252014,731.0
2024-02-07,81,442,117,756,168,218051,0.13016506514279416,0.1901780452,0.2158697106,0.23888163557744893,0.1717778609,60730494.29,215636608.6,998920172.89,36.0,0.06918586495404097,12.0
2024-02-08,81,347,93,587,141,303530,0.10709196956179864,0.2159526918,0.2194257924,0.2420773094,0.21088808547990676,45729689.75,219188850.5,998920172.89,41.0,0.1044,64.0
2024-02-09,84,284,96,464,133,147188,0.09136879913042109,0.2194646133961919,0.2499593058,0.2634848347348195,0.215004192,42386176.48,249689392.95,998920172.89,39.0,0.0517,110.0
2024-02-10,82,295,101,528,170,127640,0.10068669085944099,0.25019302325670195,0.3168813064,0.3377775787182821,0.25019302325670195,56427891.99,316539129.38,998920172.89,40.0,0.1441,29.0
2024-02-11,83,319,89,574,152,101837,0.10718513898588668,0.3172024043,0.2960829431,0.3403634016893321,0.2960829430541044,32778139.33,295763224.67,998920172.89,39.0,0.0658,1032.0
2024-02-12,85,314,85,557,138,165094,0.10508700336014279,0.29612554319081763,0.3703241323,0.3761129393,0.2817693343,58852191.01,369924246.25,998920172.89,43.0,0.0726,60.0
2024-02-13,83,309,96,485,131,153551,0.10504588447551781,0.370076527,0.3703273631,0.4026300699296512,0.3656506341,54872791.28,369927473.54,998920172.89,51.0,0.1204,254.0
2024-02-14,83,316,99,477,135,123805,0.14297104012181014,0.37039601779784964,0.4389006987,0.4728888694,0.3621844838,60619959.12,438426761.8,998920172.89,41.0,0.0871,69.0
2024-02-15,77,274,50,441,66,124651,0.1936852461032373,0.4386222165,0.4058497267,0.47050874068491855,0.40169209447655246,51073413.06,405411479.21,998920172.89,34.0,0.0766,1000.0
2024-02-16,80,279,41,432,51,66968,0.21101477591891563,0.40594929326052354,0.3739388034,0.4195620125,0.3537118939,47951698.29,373535014.16,998920172.89,41.0,0.07,958.0
2024-02-17,80,231,46,357,68,87234,0.2204669947940147,0.3737577503,0.3847399023,0.38621461666336754,0.344508752,36714300.38,384324449.71,998920172.89,44.0,0.0468,158.0
2024-02-18,78,223,57,387,82,65574,0.11255300461263736,0.38516034649377245,0.4093553838,0.4443845954,0.3695271396,45955156.22,408913350.71,998920172.89,38.0,0.0641,160.0
2024-02-19,79,248,50,404,72,54917,0.11546981064665954,0.4093309868,0.3791560657,0.412547578,0.3754521419,34506693.76,378746642.7,998920172.89,42.0,0.0389,914.0
2024-02-20,83,270,47,422,63,106490,0.11059192888572081,0.3791559078,0.399525169,0.4029305003961027,0.3279009376,52628883.32,399093750.87,998920172.89,49.0,0.0481,77.0
2024-02-21,85,271,36,468,60,140537,0.14376466829681875,0.3994761574950729,0.3516659897,0.3994761575,0.3164386971,52060157.31,351286251.2,998920172.89,38.0,0.0558,1006.0
2024-02-22,89,223,41,340,45,85243,0.10765251036155413,0.3516634904,0.3051825815,0.3516634904,0.302088195,42754890.51,304853037.07,998920172.89,34.0,0.0587,1110.0
2024-02-23,88,208,49,311,55,23027,0.09807044043403264,0.3057440193,0.2971867736,0.3154248492,0.28306615758254844,43845829.47,296865863.23,998920172.89,31.0,0.0491,755.0
2024-02-24,89,190,32,308,53,80723,0.08777704630239193,0.2971824112,0.3410896172,0.3417763226,0.2870412497,37850663.8,340721299.38,998920172.89,56.0,0.0399,192.0
2024-02-25,88,230,52,371,70,52577,0.09713440416813938,0.3411462794,0.3490523455,0.3614783125,0.31351538295937975,32406541.66,348675429.35,998920172.89,47.0,0.0577,466.0
2024-02-26,86,234,87,419,150,96106,0.09250326189903237,0.3487858984,0.466492433,0.48870328218541936,0.3464992672297036,74318533.05,465988701.83,998920172.89,61.0,0.1147,84.0
2024-02-27,88,420,227,673,289,256802,0.12856490617436303,0.4665615545414654,0.6057495719,0.6723847586,0.4665615545,153913246.99,605095467.11,998920172.89,75.0,0.2008,49.0
2024-02-28,87,662,357,983,442,172336,0.191405633907031,0.6063257834,0.8708407421,0.8901700296,0.5958717459,247553037.19,869900384.69,998920172.89,50.0,0.1445,32.0
2024-02-29,86,671,208,1005,288,295762,0.30128428045519406,0.8719379081555708,0.8683691817,0.8879347131,0.7128613683484019,187809849.84,867431493.1,998920172.89,54.0,0.0929,604.0
2024-03-01,84,831,393,1248,538,668355,0.14643573313495672,0.8562035044,1.2406576938,1.3122805076,0.8278804451,382518499.91,1239317998.04,998920172.89,70.0,0.1476,19.0
2024-03-02,84,845,283,1282,349,653915,0.16144347085832014,1.2408021076,1.3879020848,1.4010290705,1.1392785671,271464656.83,1386403390.5,998920172.89,56.0,0.1384,42.0
2024-03-03,83,904,311,1327,389,565754,0.1696978687379952,1.3865309170895532,1.610116146,1.7886067749232866,1.3686520324,417929568.393215,1608377498.95,998920172.89,47.0,0.1456,13.0
2024-03-04,80,788,202,1145,241,380121,0.13600416208370256,1.6108435260749343,1.4864702463,1.9171291033574163,1.3373223295,489524073.84,1484865115.4,998920172.89,39.0,0.0642,638.0
2024-03-05,84,762,197,1051,227,753567,0.14251697728406848,1.4833457452923882,1.5345168435,1.9556146596,1.0531445363882026,1079961160.45,1532829187.69,998920172.89,51.0,0.0983,38.0
2024-03-06,83,863,407,1203,515,764202,0.1673052451515552,1.5344861674,1.8467590977,2.225336354187309,1.4434295305,996839319.64,1844764917.15,998920172.89,41.0,0.154,16.0
2024-03-07,93,828,241,1166,306,4145508,0.16397776877728273,1.8467609952,1.7145873354,1.8916711427945792,1.6540287270488336,445331478.72,1712703923.38,998920172.89,54.0,0.087,860.0
2024-03-08,85,818,189,1151,226,993282,0.16774170982870235,1.7145553467,2.1599751481,2.3681582313,1.7046655310502368,689726028.9,2157642748.42,998920172.89,31.0,0.112,9.0
2024-03-09,82,701,204,1013,248,645056,0.13769012246673282,2.1599751481,2.1832621816,2.2349686942,2.0307912847,300397111.84,2180907475.96,998920172.89,53.0,0.059,274.0
2024-03-10,87,709,241,968,276,1897186,0.13743596733340147,2.1832650247,2.1368168813,2.4754563384940274,2.036127714357109,356574837.98,2134518057.65,998920172.89,53.0,0.0382,270.0
2024-03-11,86,724,152,995,173,2039009,0.13491086391764878,2.1368254597,2.1054361514,2.2665447753,2.0211629023,285078098.82,2103162644.41,998920172.89,33.0,0.0416,499.0
2024-03-12,85,705,157,952,175,660483,0.12763584100220948,2.1053925831,2.1723186955,2.1741027352,1.8041507083,336085229.52,2169972966.9,998920172.89,31.0,0.045,70.0
2024-03-13,83,804,352,1086,405,1677963,0.13180139495877868,2.1720051682,2.63934494,2.7605947597615472,2.1353953440065085,575753063.71,2636494903.76,998920172.89,65.0,0.1128,2.0
2024-03-14,84,1209,633,1720,801,3274051,0.22498776956020122,2.63934494,3.1656813232,3.4327032269,2.6391301319,1204486223.67,3162262934.65,998920172.89,66.0,0.1522,9.0
2024-03-15,85,1219,314,1708,370,1762738,0.23529735910399646,3.1656813232,2.803691337,3.52703194,2.7100829016958112,1074369964.67,2800663835.11,998920172.89,39.0,0.067,483.0
2024-03-16,84,1042,128,1471,155,716958,0.20241912179548927,2.803691337,2.2149458026,2.931381885613457,2.0638861592,798071111.1,2212554044.06,998920172.89,38.0,0.1182,688.0
2024-03-17,86,765,173,1091,230,1310784,0.15049708179123256,2.2149489634,2.9975145585,3.129097561221012,2.185403021735025,835290243.74,2994277761.01,998920172.89,50.0,0.097,8.0
2024-03-18,81,948,470,1391,633,1644564,0.19753528227238,3.0509220025,2.5519454762,3.2808704633672394,2.510554729570677,956277407.8,2549189816.31,998920172.89,52.0,0.1087,623.0
2024-03-19,82,914,165,1251,181,2822895,0.17746065295874147,2.5515986937,2.322033613,2.7304694533515024,2.1284355091,759145350.32,2319526218.14,998920172.89,38.0,0.1079,152.0
2024-03-20,83,890,188,1216,215,1173815,0.16907910287962846,2.322033613,2.6046350036,2.7401427037,1.9581954958,787308275.69,2601822448.15,998920172.89,34.0,0.0729,104.0
2024-03-21,84,684,127,928,158,862396,0.12359770545121819,2.6047075559,2.2884892287,2.6175178695,2.2293560949389053,382516519.48,2285825344.24,998920172.89,35.0,0.0678,697.0
2024-03-22,80,666,140,906,158,744883,0.12164943747205487,2.2882963086,2.2246131739,2.4872293281,2.1224318492,362405962.58,2222210976.29,998920172.89,41.0,0.0493,318.0
2024-03-23,83,707,195,953,227,663571,0.12970133307928386,2.2246131739,2.2814181872,2.4594795167390355,2.1426542237,326037068.54,2278960832.08,998920172.89,41.0,0.0334,237.0
2024-03-24,84,654,109,860,124,873651,0.12274807242707196,2.281424376,2.820338432,2.8482182707927155,2.2239436740639786,372499983.29,2817292954.12,998920172.89,53.0,0.0639,38.0
2024-03-25,83,697,207,978,262,465148,0.13492055827864544,2.820338432,2.6895340893,2.9783287482121574,2.635289733619187,567734621.01,2686629857.49,998920172.89,37.0,0.0893,735.0
2024-03-26,79,651,165,944,226,571272,0.12235174571574474,2.6895340893,3.2567266184,3.3576242746448925,2.6758942894206856,707914290.61,3253209916.68,998920172.89,54.0,0.0731,23.0
2024-03-27,81,695,188,1056,277,699242,0.1361066787650381,3.2567061246,3.0505464834,3.4388420861765283,3.005601753659,650382593.63,3047252420.65,998920172.89,50.0,0.0587,683.0
2024-03-28,81,730,247,1208,409,757107,0.15841688031526008,3.0505464834,3.7411777562,3.9344724501950936,2.9232136830490476,872110667.89,3736775173.29,998920172.89,50.0,0.0615,6.0
2024-03-29,93,997,464,1530,597,2995674,0.20058287022288296,3.7408146063,3.9210325135,4.192790081791891,3.5183621036,980886275.98,3916798476.35,998920172.89,64.0,0.098,6.0
2024-03-30,85,994,275,1487,343,1581220,0.2184535194962788,3.9210448741,4.2624315513,4.638000869648794,3.921000491,1040662197.6,4257828862.13,998920172.89,37.0,0.0798,14.0
2024-03-31,87,983,269,1472,415,1403678,0.21071798718513982,4.2624315513,4.5886304428,4.8499674634069185,4.1910040080676545,821007610.22,4583675515.24,998920172.89,45.0,0.0489,5.0
2024-04-01,34,916,254,1361,320,2224134,0.19406151792894583,4.5882218986,4.229799116,4.6361495315,3.9930298387,800456624.7,4225231664.23,998920172.89,44.0,0.0467,402.0
2024-04-02,54,817,186,1282,275,2290036,0.18567815978749844,4.229799116,3.8438572698,4.2304746849,3.691182376099331,881096058.2,3840128554.75,998920172.89,39.5,0.0606,338.0
2024-04-03,78,754,168,1148,237,1144340,0.16821128979083483,3.8442797122,3.6297904572,4.162907694981432,3.6189836593883506,680897476.45,3625870911.03,998920172.89,37.0,0.0366,501.0
2024-04-04,82,677,145,1083,229,961227,0.16063911525374452,3.6297904572,3.5435627634,4.0063384805,3.4847617122,652633710.8,3539736328.28,998920172.89,40.0,0.0404,582.0
2024-04-05,81,729,214,1164,291,1153315,0.1721559875231279,3.543562763414147,3.2222445177,3.5822267339,3.1943105713903006,574775158.38,3218765050.72,998920172.89,42.0,0.0674,689.0
2024-04-06,82,674,149,1108,246,883964,0.17056256398020364,3.2222445177,3.5741388098,3.57952429804231,3.1973941577805585,383811656.37,3570279357.8,998920172.89,49.0,0.0231,9.0
2024-04-07,82,656,175,1176,370,451985,0.16841164618087925,3.5741388098,3.76642012,3.89652198061142,3.4645229368842125,567277471.78,3762353037.41,998920172.89,55.0,0.0546,15.0
2024-04-08,85,613,158,1135,266,763025,0.16270838500101067,3.76642012,4.1999557727,4.31403724278458,3.642008721259441,651712192.09,4195420546.64,998920172.89,55.0,0.0642,26.0
2024-04-09,86,562,127,998,195,433155,0.1410351527998587,4.1999557727,3.5880368821,4.205125509978206,3.5434626373697573,579210315.16,3584141026.46,998920172.89,50.0,0.0581,431.0
2024-04-10,79,528,155,915,240,266322,0.13293853735645542,3.5880154628,3.6249157721,3.683845097870622,3.314915814,621066367.76,3621001489.82,998920172.89,51.0,0.0668,99.0
2024-04-11,81,525,130,863,166,139902,0.128197891196682,3.6249157721,3.459283089,3.8441393384,3.4325711372,457436548.55,3455547661.33,998920172.89,35.0,0.0278,520.0
2024-04-12,80,542,134,872,181,171077,0.12361657879777206,3.459283089,2.6724393018,3.558884797898392,2.4554806098598583,898033206.77,2669553529.43,998920172.89,49.5,0.0942,318.0
2024-04-13,78,512,129,818,171,132552,0.11638677402326882,2.6724393018,2.3457394749,2.858873913198969,1.9790013509844457,1093002543.88,2343206481.79,998920172.89,40.0,0.1401,349.0
2024-04-14,79,478,125,772,182,82200,0.11697554574698432,2.3455713695,3.0522236339,3.0893980441475017,2.2655851338605717,1180927370.49,3048317848.46,998920172.89,48.0,0.0759,9.0
2024-04-15,79,524,196,887,281,124538,0.13208033224085378,3.051613063,2.7511743703,3.1227580074995087,2.4720041432,835328827.09,2748203577.63,998920172.89,57.0,0.0704,701.0
2024-04-16,83,554,174,874,235,733991,0.13461126760997233,2.7511743703,2.6833941395,2.7874136755,2.4210118795,676643217.7,2680455798.34,998906176.9,36.5,0.0626,380.0
2024-04-17,83,486,105,823,183,239827,0.13281412638805287,2.6833909533,2.4198834955,2.7774570217017542,2.333112165,494495768.5,2417236561.92,998906173.12,26.0,0.0379,376.0
2024-04-18,88,491,176,839,256,790248,0.13374588918698757,2.4198834955,2.571467,2.6551861183,2.2585185234,482233096.79,2568663183.98,998906169.85,52.0,0.0439,44.0
2024-04-19,84,536,148,858,193,647279,0.13379470154269346,2.5714759419,2.9305820454,3.0721247528064275,2.2553316724138064,818284852.33,2927376486.36,998906169.84,39.0,0.0912,19.0
2024-04-20,83,550,119,876,201,142245,0.13411885747881044,2.9305820454,3.0321982025,3.0892688882025086,2.7209400638,473044086.6,3028881480.14,998906165.72,46.5,0.0631,278.0
2024-04-21,83,526,94,841,175,928963,0.12194025652402121,3.0321982025,2.9244560972,3.1909631935019815,2.905807599303892,406692743.82,2921236892.55,998906156.04,35.5,0.0393,491.0
2024-04-22,81,478,126,798,235,110903,0.11362956760959274,2.9244357689,2.910184181,3.0687300324,2.793039982634095,418444693.95,2907000893.45,998906155.99,29.0,0.029,496.0
2024-04-23,80,447,92,733,158,145406,0.10542196832738628,2.9101657166,3.0140262522,3.1096723042932743,2.7516562426,433277313.62,3010729375.94,998906155.43,57.0,0.0299,39.0
2024-04-24,81,524,178,882,286,235620,0.1318699063006006,3.0140593665,3.1052541831,3.551428140534145,2.97729231949744,964684893.55,3101857498.88,998906149.37,53.0,0.0684,21.0
2024-04-25,82,513,130,857,213,184393,0.1299077306468556,3.1052609286,3.1572644442,3.3386310997,2.8545836710565817,746246853.68,3153810864.63,998906148.13,48.5,0.0599,88.0
2024-04-26,82,567,137,985,239,109217,0.13079984436810396,3.1572644442,2.8399712682,3.1811657255,2.8256150983474835,428720860.86,2836864749.62,998906144.37,49.0,0.0344,455.0
2024-04-27,80,481,109,838,193,153966,0.11874330474803182,2.8399712682,2.7660770701,2.8525500914,2.6225796895,357781272.15,2763051374.69,998906142.05,41.0,0.0535,475.0
2024-04-28,82,485,79,847,137,138547,0.11209575386048776,2.7660770701,2.6519072122,2.8335479615,2.631789457664778,224288577.1,2649006395.0,998906139.25,36.0,0.0174,1047.0
2024-04-29,74,406,113,718,194,107542,0.10731201341549626,2.6519072122,2.7730452673,2.804722507853536,2.5542939267959808,336188485.08,2770720623.66,998906139.23,36.5,0.0231,21.0
2024-04-30,75,397,96,628,152,50826,0.0920923739302327,2.7737547251,2.502735682,2.800824853549191,2.3462212668212254,399173479.27,2499998037.46,998906139.15,34.0,0.0422,1462.0
2024-05-01,80,393,104,645,166,138869,0.09886481730701435,2.5027296746,2.6155126824,2.6955933286,2.281035722249028,539683830.16,2612651666.63,998906135.77,35.5,0.0469,27.0
2024-05-02,82,483,134,729,177,190562,0.10486115606188104,2.6155126824,2.7342673471,2.8292811262374697,2.5063063834586936,431302207.72,2731276409.88,998906128.46,47.0,0.0554,130.0
2024-05-03,84,452,134,671,189,103969,0.09083684970765697,2.7342673471,3.1074651895,3.1564121040547115,2.729658844677192,444766259.67,3104065957.69,998906107.85,37.0,0.0541,73.0
2024-05-04,77,501,191,771,277,148151,0.10190621456082519,3.1074651895,3.3936112272,3.473256591475908,3.0905998884016697,546978472.19,3389898964.47,998906102.54,50.0,0.0822,54.0
2024-05-05,86,531,106,842,171,84667,0.10972185119788375,3.3930852398778395,3.2171246491570433,3.4910726166938004,3.182233336383662,388523286.32,3213605407.54,998906091.0,52.5,0.0271,484.0
2024-05-06,83,525,181,864,287,106159,0.11742193615725842,3.216770180511468,3.357395926482826,3.6666406718226865,3.216770180511468,623250268.98,3353723089.67,998906045.97,37.0,0.0263,17.0
2024-05-07,83,534,127,877,218,84347,0.11280105469629248,3.3600605008247135,3.0024313738682356,3.5695504135357474,2.997430168383894,576080000.49,2999146842.46,998906042.8,55.0,0.0322,428.0
2024-05-08,82,556,137,932,241,94926,0.11777595525524652,3.003386147699893,2.7521331505982767,3.0113429510372556,2.74144758188047,481219893.54,2749122424.54,998906039.1,43.0,0.0689,841.0
2024-05-09,83,639,183,1137,284,239492,0.1423016319005966,2.7807779493122102,3.1238945141872025,3.1825940125359593,2.7719735480854775,421268241.64,3120477078.37,998906033.54,56.0,0.0283,30.0
2024-05-10,86,559,146,954,252,173231,0.12799459041731065,3.1214031354055076,2.990809851284098,3.2464556808630802,2.9086042552375364,471337175.27,2987537984.66,998906026.53,40.0,0.0456,493.0
2024-05-11,89,585,134,949,196,218736,0.13526052259876942,2.978414183751718,3.0031230329222107,3.139822810047438,2.977815215476376,271228780.48,2999837688.68,998906024.093056,41.0,0.0277,118.0
2024-05-12,87,540,148,922,261,286952,0.13297603835248167,3.0005043384628776,2.9735882269927396,3.0569578454565445,2.946721572466064,176971708.85,2970335177.27,998906018.765377,39.0,0.0104,305.0
2024-05-13,84,552,158,988,291,203691,0.12872159135324437,2.973148929941068,2.9999568882227625,3.3350729617772523,2.7680238326951896,658643213.76,2996674983.92,998906016.18,41.0,0.0309,101.0
2024-05-14,83,560,153,985,293,230558,0.11932581520126087,3.004197415717848,2.787421786442328,3.141110394360099,2.7768638282193625,900106478.77,2784372364.57,998906006.3,44.0,0.0419,615.0
2024-05-15,84,549,138,972,253,217463,0.11387533462595117,2.7827913588085385,3.082932759121692,3.0832271930186206,2.7609187651603677,949393743.84,3079560047.52,998906005.46,43.0,0.0352,147.0
2024-05-16,80,538,114,952,215,145001,0.11391088866048213,3.0609657351,2.8415962726,3.131177728386179,2.7594890301,675807341.9,2838487549.81,998905994.22,39.0,0.031,823.0
2024-05-17,80,511,125,870,195,361943,0.10793870570325789,2.8415962726,2.7897668429,2.9454499290899196,2.7864152083,539602243.96,2786714819.58,998905993.4,51.0,0.0274,589.0
2024-05-18,79,521,128,912,198,156706,0.11930645275228997,2.7897668429,2.5544477196,2.8314161925825805,2.5264967346446903,836556737.77,2551654474.9,998905992.32,49.0,0.0423,398.0
2024-05-19,77,509,102,820,136,119433,0.11450546903255447,2.5544490618,2.5294276721,2.6244126268,2.4447504755,464877509.3,2526660458.58,998905992.24,39.0,0.0445,267.0
2024-05-20,80,526,147,833,191,96526,0.11029591878618879,2.5294276721,2.8258621153,2.8680361179,2.5136981308,842947755.31,2822758180.88,998905985.09,37.5,0.0379,110.0
2024-05-21,80,543,122,901,257,110815,0.10597743304072897,2.8258497026,2.7525246808,2.896061124386915,2.6739142502265243,769136686.82,2749513375.56,998905984.3,35.0,0.0285,280.0
2024-05-22,83,491,114,851,207,167507,0.09859362165305935,2.7525317743,3.0332975546,3.25328153754131,2.730671295300442,1408058611.0,3029978993.08,998905955.82,50.0,0.0462,18.0
2024-05-23,82,442,111,752,204,84523,0.10707400351407767,3.0334243681,2.9266518921,3.0487947344,2.7341703234,906978040.39,2923449997.76,998905953.12,54.0,0.0366,236.0
2024-05-24,83,461,101,772,169,156017,0.0947678800719843,2.9266518921,2.8727144176,2.9366015962,2.7273180936,410507951.64,2869571529.17,998905951.67,52.0,0.0259,529.0
2024-05-25,83,449,73,806,164,79987,0.09715994020926756,2.872094560297317,3.068935346490197,3.090468965827502,2.848161979972522,531931983.8,3065577781.1,998905951.08,36.0,0.031,118.0
2024-05-26,83,428,79,756,133,87800,0.09591912343116407,3.090039091624478,2.948362193067616,3.242314505377499,2.9307500396195754,617031601.98,2945136539.13,998905950.58,41.0,0.0285,790.0
2024-05-27,82,428,90,803,186,98287,0.09812727217181438,2.9517174825150243,3.3791972998931104,3.4396785670847425,2.947007174107734,954435470.37,3375500285.12,998905948.83,44.0,0.0428,83.0
2024-05-28,82,561,219,990,335,207515,0.11453667024545555,3.401338355204034,3.7728253531783342,3.815680130546057,3.1699986454201716,1428566838.64,3768697682.42,998905947.036133,35.0,0.0721,12.0
2024-05-29,83,616,190,969,264,284385,0.12264984418786565,3.7744165750854886,3.6903432701300773,4.0572693334515275,3.676033394552135,1131249304.67,3686305838.98,998905946.993813,55.5,0.0576,198.0
2024-05-30,85,441,153,650,262,214249,0.13360465355285606,3.6801187812975624,3.3677751704007464,3.788245599212192,3.3435081177558494,971402838.76,3364090621.24,998905939.69,49.5,0.0516,585.0
2024-05-31,72,526,105,919,183,219493,0.1275377443721715,3.37184280515402,3.3012470542030616,3.5436039735705385,3.187397782429718,643252702.17,3297635289.59,998905939.32,40.0,0.038,426.0
2024-06-01,82,480,91,845,161,114405,0.10292138389676193,3.3054332796886547,3.2760761408411705,3.4440396662501533,3.26543631865654,371478103.82,3272491914.67,998905939.3,33.0,0.0153,502.0
2024-06-02,81,439,91,767,188,136911,0.10520208538788298,3.275432775768823,3.206055086284905,3.3474678925569448,3.114191142136244,532889104.5,3202547464.99,998905938.54,43.0,0.0232,477.0
2024-06-03,84,476,89,814,176,190575,0.10802575631300396,3.1998983773773073,3.273217972695946,3.504023393797674,3.08451327340212,781140338.71,3269636868.56,998905937.77,39.0,0.0281,82.0
2024-06-04,83,477,101,807,155,131188,0.10183247989218629,3.2665913837528375,3.3994930069826608,3.4956534182945513,3.205808397509025,544521034.2,3395773735.68,998905933.53,41.0,0.027,243.0
2024-06-05,81,472,105,781,163,161289,0.0926621320358262,3.4052385047578833,3.395133994493305,3.5772634652548247,3.366188027596935,613898921.65,3391419492.01,998905933.46,48.0,0.0278,1065.0
2024-06-06,80,468,91,814,204,233059,0.10155856211042184,3.3932558017920034,3.235626210252988,3.4486069450772363,3.2290981065933315,434283032.37,3232086195.84,998905926.03,48.0,0.0229,378.0
2024-06-07,81,428,85,750,145,134139,0.09563484321623802,3.2295448766112616,2.848681880228095,3.3284240802832734,2.6497316236487114,814376556.71,2845565209.62,998905925.36,37.0,0.0517,1037.0
2024-06-08,81,469,67,814,127,71646,0.1100233427902947,2.8588388965673572,2.7110695867879815,2.9290982556991225,2.6594998724708248,493670546.96,2708103444.38,998905914.32,39.0,0.0782,883.0
2024-06-09,83,415,86,740,149,101542,0.10837742878943876,2.710318461997537,2.7691425098752793,2.8136848901981715,2.649207120651817,381386347.48,2766112827.74,998905913.25,47.0,0.0219,172.0
2024-06-10,84,484,140,848,235,240508,0.11827403592015945,2.7730322015828577,2.6986442786164653,2.8906505630002424,2.6563279343346156,452048409.89,2695691724.0,998905911.89,56.0,0.0186,136.0
2024-06-11,86,436,92,752,133,154178,0.10256913869202526,2.6920771444674636,2.5469206366982697,2.7253565480573982,2.555162014290693,483932085.76,2544134076.3,998905910.0,37.0,0.0394,319.0
2024-06-12,83,462,106,754,157,125300,0.1170861996676864,2.5467562978,2.6648150778,2.8963754003,2.4457276281,539969652.2,2661899524.46,998905907.82,39.0,0.0343,158.0
2024-06-13,90,380,89,545,130,383258,0.11397143394884879,2.664695992161033,2.3860251137,2.664695992161033,2.3614514385,345709312.88,2383414577.27,998905905.72,33.0,0.0431,744.0
2024-06-14,81,423,78,676,114,121631,0.09651958376643403,2.3858040002798395,2.3434109437,2.4832036351,2.2199092739,391522681.55,2340847025.64,998905903.33,41.5,0.0382,115.0
2024-06-15,80,432,64,683,93,86907,0.09841966548841659,2.342967203529366,2.4168693623,2.4563309662,2.3111699382,235469204.62,2414225071.58,998905902.49,55.0,0.0233,19.0
2024-06-16,79,430,87,683,137,76035,0.09799279760111337,2.4170560863633908,2.6041001229,2.6269070941,2.3663336958,276660344.18,2601250981.22,998905901.63,48.5,0.0335,2.0
2024-06-17,82,449,62,749,92,101867,0.09887005649717513,2.604606149556844,2.3099388295,2.6371532382,2.2496362827,388424553.41,2307411525.68,998905900.1,39.0,0.0365,684.0
2024-06-18,79,599,94,962,139,111355,0.09359624603164565,2.309384316809405,2.0655044818,2.3221234508,1.8980771157,601864078.06,2063244607.34,998905897.1,42.0,0.0896,817.0
2024-06-19,81,611,87,916,119,184391,0.11540099325483713,2.065471526173917,2.0297852964620113,2.1577974694,1.9782350144,354775992.46,2027564501.75,998905896.74,48.0,0.0332,916.0
2024-06-20,88,615,103,912,121,419123,0.11932830723898895,2.0297852964620113,1.9522059706,2.1791617398,1.9516601277,388663142.37,1950070049.67,998905893.68,31.5,0.0219,427.0
2024-06-21,84,671,121,1000,151,1177443,0.1268592813421712,1.952252850080021,1.7623161225,1.9741189025,1.7412556486,437126605.7,1760387958.05,998905891.85,43.5,0.0567,535.0
2024-06-22,81,711,70,1035,95,1792514,0.1161412816611233,1.7623011077,1.7443286353,1.8137173472,1.7062590951,262418524.77,1742420129.16,998905879.24,48.0,0.033,302.0
2024-06-23,84,698,103,994,117,789126,0.11610589698813828,1.7440906403490628,1.5860249807,1.8000886027,1.5788972399,292815076.88,1584289676.86,998905878.63,31.0,0.036,809.0
2024-06-24,96,826,214,1155,242,4420137,0.11642687434667387,1.58563737568121,1.8384742549,1.8540911004,1.5215219022,624942412.81,1836462736.89,998905876.45,52.0,0.0467,33.0
2024-06-25,87,778,126,1156,180,1317765,0.11797531499204994,1.8377900261,2.0408941184,2.0773028138,1.8141467011,622521932.1,2038661126.76,998905875.82,35.0,0.0953,5.0
2024-06-26,76,788,91,1187,114,523351,0.11631929302956391,2.0409339146611933,2.0005765380536773,2.138431430165945,1.9165978767504306,478056050.88,1998387576.95,998905834.86,35.5,0.0362,270.0
2024-06-27,77,784,97,1163,121,231370,0.11150131778642561,2.0039567321504426,2.1056573083913084,2.2454102979340274,1.9744971360885488,553290659.84,2103227029.63,998845833.67,33.0,0.0254,58.0
2024-06-28,78,821,85,1221,114,118091,0.11718626281394834,2.1129822443364534,1.9773778413752299,2.13917233404452,1.9006610453005919,368086500.28,1975095610.15,998845829.47,33.0,0.0322,702.0
2024-06-29,78,740,36,1087,51,89127,0.10450556465692949,1.9788915180205622,2.0893733671,2.1668826999,1.9788915180205622,316106575.41,2086961873.61,998845829.31,34.0,0.0319,93.0
2024-06-30,80,924,75,1411,120,81965,0.12777799411188862,2.089453037307197,2.1989016318,2.207648525,1.9181762016,395529926.97,2196363721.67,998845828.27,40.5,0.0283,47.0
2024-07-01,82,1083,161,1620,196,97463,0.1280552439808107,2.1958177945728012,2.267820675,2.3430047552,2.1634595222,463450264.15,2265203211.5,998845824.32,48.0,0.057,21.0
2024-07-02,83,1191,135,1826,198,125255,0.1219534186027718,2.268397056615834,2.2020346593,2.3317459662,2.1618232213,299676306.71,2199493112.67,998845818.95,46.0,0.02,792.0
2024-07-03,82,1335,88,2034,106,102144,0.1260639356119462,2.2016950474691392,1.8117613235,2.2020848088,1.795258597881706,516814402.7,1809670215.49,998845814.86,37.0,0.0729,1252.0
2024-07-04,84,1393,168,2116,197,176800,0.15658531531664865,1.811692406325858,1.7353244356191144,1.890570866738179,1.713802954463264,494901581.45,1733321482.49,998845775.99,50.0,0.0627,197.0
2024-07-05,81,1356,104,2102,153,175751,0.16466243808512154,1.7219379512522897,1.92401960811906,1.9773252488331,1.5135907779444076,743231588.5,1921798858.3,998845775.89,43.0,0.066,35.0
2024-07-06,83,1201,193,1750,240,194761,0.1472161840219125,1.9223419474288066,2.008541470851413,2.0604651436868586,1.8847843215991447,378575732.37,2006223153.66,998845770.81,50.0,0.0863,332.0
2024-07-07,83,1119,101,1616,133,141962,0.13203660747624607,2.0118558670077804,1.6636342120009022,2.0144177602114617,1.648416271889196,433585732.42,1661713996.19,998845770.42,35.0,0.05,977.0
2024-07-08,81,1153,99,1679,142,167038,0.14013422505105844,1.6640307659980589,1.6729628230129012,1.8054906676188922,1.5633252007346938,610472950.43,1671031834.64,998845767.312069,45.0,0.0537,673.0
2024-07-09,82,1318,66,1972,98,215301,0.16543943381457862,1.652229754804124,1.7037305920150647,1.7443078726838337,1.616207178989505,428297593.45,1701764068.18,998845754.23,36.0,0.021,256.0
2024-07-10,83,982,69,1428,81,93755,0.12206202768277892,1.7018606990509149,1.6500544922836662,1.7743360920093556,1.606120557170599,317394622.18,1648149916.05,998845749.49,49.5,0.0189,637.0
2024-07-11,81,1088,105,1538,136,146654,0.14016132221885033,1.6491147899922642,1.5382674907141278,1.7207052462065937,1.5000862059641782,346908562.88,1536491942.54,998845748.1,45.0,0.0327,1153.0
2024-07-12,82,1090,72,1619,94,86258,0.13456265474913082,1.5431248582670785,1.5676653107232497,1.6186226190623656,1.5344647224475427,273906976.78,1565855812.49,998845736.89,32.0,0.03,278.0
2024-07-13,81,1055,51,1628,68,76626,0.14633523712960017,1.5687463252379117,1.6109889024844837,1.638881004830684,1.5686073742196975,188782107.89,1609129397.13,998845736.7,36.0,0.0121,309.0
2024-07-14,80,1257,72,1986,92,84822,0.161713083858738,1.6040099977415045,1.7330375254493777,1.759819207013455,1.6032154847000966,307073571.74,1731037137.84,998845733.24,42.0,0.032,43.0
2024-07-15,82,748,85,1039,98,94424,0.08625942917677454,1.7290430748902907,2.169387822966072,2.1754116050594394,1.7276716271995265,557631405.83,2166883759.75,998845728.19,49.0,0.0718,34.0
2024-07-16,80,987,144,1469,168,165016,0.11007455696676782,2.171873017532242,2.2054866956975117,2.295401351618921,2.0720314381198404,669714098.92,2202940954.41,998845723.58,45.0,0.0908,45.0
2024-07-17,81,837,83,1165,106,77557,0.08943122508495965,2.2070266213291125,2.166403329544004,2.295088952597693,2.1118596968038563,413375160.25,2163902692.37,998845719.47,41.0,0.0178,627.0
2024-07-18,81,942,140,1367,194,91984,0.10484471554255799,2.168559534677217,2.4358738530842525,2.4927008249809943,2.168559534677217,607983774.53,2433062161.62,998845715.49,43.0,0.0411,26.0
2024-07-19,80,1147,122,1689,150,73038,0.1264889032011653,2.433972273385152,2.546025903935836,2.5813179191644426,2.3176227517629475,551738167.96,2543087063.7,998845714.71,41.0,0.0427,405.0
2024-07-20,81,1226,108,1878,133,182956,0.13937023651381458,2.54550567359441,2.6469371677272315,2.664797654543452,2.465485766906357,333549979.7,2643881840.73,998845712.31,47.0,0.0318,60.0
2024-07-21,80,977,85,1434,144,145250,0.10948445343665895,2.642777700760788,2.815425733884369,2.837970953997756,2.4419944029866225,415202752.69,2812175907.78,998845707.04,41.0,0.0306,40.0
2024-07-22,84,840,93,1216,122,179834,0.09772649280030603,2.824899102710721,2.743278781499476,2.890452286702004,2.684628493854175,416854096.91,2740112229.1,998845705.21,46.0,0.0434,412.0
2024-07-23,84,995,69,1481,84,116642,0.11608075019046335,2.7401347812995835,2.561887930179659,2.7588845908160287,2.5136041758269863,440010836.09,2558930749.66,998845702.62,36.0,0.04,914.0
2024-07-24,82,1112,91,1659,108,229380,0.13051369213715974,2.5543312929315456,2.4785884316168008,2.6777570647293216,2.4676886467292696,370051773.02,2475727387.37,998845696.12,52.0,0.0208,292.0
2024-07-25,76,846,70,1322,139,197713,0.1047041632181086,2.499792193846211,2.5080277191146356,2.574298183124326,2.3290620312276413,501295257.07,2505132680.03,998845690.95,38.0,0.0266,45.0
2024-07-26,76,737,72,1085,94,212142,0.0851109226730007,2.5145949471468367,2.6519863672261144,2.6695844088426095,2.5086529498446914,305888761.44,2648925152.88,998845690.013272,43.0,0.0265,94.0
2024-07-27,75,1173,576,1522,607,280720,0.12991502601288055,2.670478239393645,2.4894126616365755,2.6932084081114405,2.421195261366442,334327419.54,2486539103.58,998845688.34,46.0,0.0197,986.0
2024-07-28,75,489,58,672,67,64403,0.09259565461820828,2.485497964192245,2.411277351675251,2.502980483255665,2.3900800103373774,185570804.04,2408493978.35,998845685.12,33.0,0.0338,1003.0
2024-07-29,81,551,49,822,59,44826,0.08605662777367734,2.4122315482887626,2.296048731715016,2.562475864626705,2.285776521044534,336950752.77,2293398363.45,998845682.92,37.0,0.0219,996.0
2024-07-30,74,369,56,519,62,23803,0.06902899217671422,2.287515476595656,2.299115015663496,2.385405997803872,2.257449569465532,271878306.67043924,2296461098.867508,998845678.977386,40.0,0.034,894.0
